<?xml version="1.0" encoding="UTF-8"?><APP_RES_ROOT><APP_PAN_INQ><APP_IOP_FLG/><APP_POS_CODE>P0215</APP_POS_CODE><APP_TYPE>I</APP_TYPE><APP_KYC_MODE>0</APP_KYC_MODE><APP_NO>2175536</APP_NO><APP_DATE>05-08-2015 19:43:13</APP_DATE><APP_PAN_NO>AMYPR8858B</APP_PAN_NO><APP_PANEX_NO/><APP_PAN_COPY>Y</APP_PAN_COPY><APP_EXMT>N</APP_EXMT><APP_EXMT_CAT/><APP_EXMT_ID_PROOF>1</APP_EXMT_ID_PROOF><APP_IPV_FLAG>Y</APP_IPV_FLAG><APP_IPV_DATE>03-08-2015 00:00:00</APP_IPV_DATE><APP_GEN>M</APP_GEN><APP_NAME>Rajesh Kizhakkemadam</APP_NAME><APP_F_NAME>ramakrishnan Edamittaith</APP_F_NAME><APP_REGNO/><APP_DOB_DT>21-03-1978 00:00:00</APP_DOB_DT><APP_DOI_DT>01-01-1800 00:00:00</APP_DOI_DT><APP_COMMENCE_DT>01-01-1800 00:00:00</APP_COMMENCE_DT><APP_NATIONALITY>01</APP_NATIONALITY><APP_OTH_NATIONALITY/><APP_COMP_STATUS/><APP_OTH_COMP_STATUS/><APP_RES_STATUS>R</APP_RES_STATUS><APP_RES_STATUS_PROOF>1</APP_RES_STATUS_PROOF><APP_UID_NO>N</APP_UID_NO><APP_COR_ADD1>Kizhakkemadam House</APP_COR_ADD1><APP_COR_ADD2>kattukulam P O</APP_COR_ADD2><APP_COR_ADD3>Thriuvazhiyode</APP_COR_ADD3><APP_COR_CITY>Palakkad</APP_COR_CITY><APP_COR_PINCD>679514</APP_COR_PINCD><APP_COR_STATE>032</APP_COR_STATE><APP_COR_CTRY>101</APP_COR_CTRY><APP_OFF_NO/><APP_RES_NO/><APP_MOB_NO>+918589903534</APP_MOB_NO><APP_FAX_NO/><APP_EMAIL>rajeshk198@gmail.com</APP_EMAIL><APP_COR_ADD_PROOF>01</APP_COR_ADD_PROOF><APP_COR_ADD_REF>01</APP_COR_ADD_REF><APP_COR_ADD_DT>05-08-2015 19:43:13</APP_COR_ADD_DT><APP_PER_ADD1>Kizhakkemadam House</APP_PER_ADD1><APP_PER_ADD2>kattukulam P O</APP_PER_ADD2><APP_PER_ADD3>Thriuvazhiyode</APP_PER_ADD3><APP_PER_CITY>Palakkad</APP_PER_CITY><APP_PER_PINCD>679514</APP_PER_PINCD><APP_PER_STATE>032</APP_PER_STATE><APP_PER_CTRY>101</APP_PER_CTRY><APP_PER_ADD_PROOF>01</APP_PER_ADD_PROOF><APP_PER_ADD_REF/><APP_PER_ADD_DT>05-08-2015 19:43:13</APP_PER_ADD_DT><APP_INCOME>02</APP_INCOME><APP_OCC>01</APP_OCC><APP_OTH_OCC/><APP_POL_CONN>NA</APP_POL_CONN><APP_DOC_PROOF>S</APP_DOC_PROOF><APP_INTERNAL_REF>CAMSKRA</APP_INTERNAL_REF><APP_BRANCH_CODE/><APP_MAR_STATUS>01</APP_MAR_STATUS><APP_NETWRTH/><APP_NETWORTH_DT>01-01-1800 00:00:00</APP_NETWORTH_DT><APP_INCORP_PLC/><APP_OTHERINFO/><APP_FILLER1/><APP_FILLER2/><APP_FILLER3/><APP_REMARKS/><APP_STATUS>02</APP_STATUS><APP_STATUSDT>12-08-2015 00:00:00</APP_STATUSDT><APP_ERROR_DESC/><APP_DUMP_TYPE>S</APP_DUMP_TYPE><APP_DNLDDT>01-01-1800 00:00:00</APP_DNLDDT><APP_KRA_INFO>CAMSKRA</APP_KRA_INFO><APP_SIGNATURE/></APP_PAN_INQ><APP_SUMM_REC><APP_REQ_DATE>26-05-2020 05:19:14</APP_REQ_DATE><APP_OTHKRA_BATCH>45625688</APP_OTHKRA_BATCH><APP_OTHKRA_CODE>P0215</APP_OTHKRA_CODE><APP_RESPONSE_DATE>26-05-2020 17:19:15</APP_RESPONSE_DATE><APP_TOTAL_REC>1</APP_TOTAL_REC></APP_SUMM_REC></APP_RES_ROOT>
