<APP_REQ_ROOT><APP_PAN_INQ><APP_IOP_FLG>IE</APP_IOP_FLG><APP_POS_CODE>P0215</APP_POS_CODE><APP_MOBILE_NO>1000000003</APP_MOBILE_NO><APP_TYPE>I</APP_TYPE><APP_NO>AXCPT3795L</APP_NO><APP_DATE>20-05-2020 00:00:00</APP_DATE><APP_PAN_NO>AXCPT3795L</APP_PAN_NO><APP_PANEX_NO /><APP_PAN_COPY>Y</APP_PAN_COPY><APP_EXMT>N</APP_EXMT><APP_EXMT_CAT /><APP_KYC_MODE>0</APP_KYC_MODE><APP_EXMT_ID_PROOF>06</APP_EXMT_ID_PROOF><APP_IPV_FLAG>Y</APP_IPV_FLAG><APP_IPV_DATE>20-05-2020 00:00:00</APP_IPV_DATE><APP_GEN>F</APP_GEN><APP_NAME>CHINNU THOMAS</APP_NAME><APP_F_NAME>THOMAS</APP_F_NAME><APP_REGNO /><APP_DOB_DT>01-07-1991 00:00:00</APP_DOB_DT><APP_DOI_DT>01-07-1991 00:00:00</APP_DOI_DT><APP_REGNO /><APP_COMMENCE_DT>01-07-1991 00:00:00</APP_COMMENCE_DT><APP_NATIONALITY>01</APP_NATIONALITY><APP_OTH_NATIONALITY /><APP_COMP_STATUS /><APP_OTH_COMP_STATUS /><APP_RES_STATUS>R </APP_RES_STATUS><APP_RES_STATUS_PROOF /><APP_UID_NO /><APP_COR_ADD1>VILAKKUNNEL HOUSE</APP_COR_ADD1><APP_COR_ADD2>CHOLATHADAM</APP_COR_ADD2><APP_COR_ADD3>KOTTAYAM</APP_COR_ADD3><APP_COR_CITY>KOTTAYAM</APP_COR_CITY><APP_COR_PINCD>686582</APP_COR_PINCD><APP_COR_STATE>032</APP_COR_STATE><APP_COR_CTRY>101</APP_COR_CTRY><APP_OFF_NO /><APP_RES_NO /><APP_MOB_NO>9400685447</APP_MOB_NO><APP_FAX_NO /><APP_EMAIL>chinnuthomas.17@gmail.com</APP_EMAIL><APP_COR_ADD_PROOF>02</APP_COR_ADD_PROOF><APP_COR_ADD_REF /><APP_COR_ADD_DT /><APP_PER_ADD1>VILAKKUNNEL HOUSE</APP_PER_ADD1><APP_PER_ADD2>CHOLATHADAM</APP_PER_ADD2><APP_PER_ADD3>KOTTAYAM</APP_PER_ADD3><APP_PER_CITY>KOTTAYAM</APP_PER_CITY><APP_PER_PINCD>686582</APP_PER_PINCD><APP_PER_STATE>032</APP_PER_STATE><APP_PER_CTRY>101</APP_PER_CTRY><APP_PER_ADD_PROOF>31</APP_PER_ADD_PROOF><APP_PER_ADD_REF /><APP_PER_ADD_DT /><APP_INCOME>03</APP_INCOME><APP_OCC /><APP_OTH_OCC /><APP_POL_CONN /><APP_DOC_PROOF>S</APP_DOC_PROOF><APP_INTERNAL_REF /><APP_BRANCH_CODE /><APP_MAR_STATUS>02</APP_MAR_STATUS><APP_NETWRTH>0</APP_NETWRTH><APP_NETWORTH_DT /><APP_INCORP_PLC>KOTTAYAM</APP_INCORP_PLC><APP_OTHERINFO /><APP_FILLER1 /><APP_FILLER2 /><APP_FILLER3 /><APP_STATUS /><APP_STATUSDT /><APP_ERROR_DESC /><APP_DUMP_TYPE>U</APP_DUMP_TYPE><APP_DNLDDT>20-05-2020 00:00:00</APP_DNLDDT><APP_KRA_INFO>NDML</APP_KRA_INFO><APP_SIGNATURE /></APP_PAN_INQ><APP_SUMM_REC><APP_REQ_DATE>20-05-2020 00:00:00</APP_REQ_DATE><APP_OTHKRA_BATCH /><APP_OTHKRA_CODE>P0215</APP_OTHKRA_CODE><APP_RESPONSE_DATE>20-05-2020 00:00:00</APP_RESPONSE_DATE><APP_TOTAL_REC>1</APP_TOTAL_REC></APP_SUMM_REC></APP_REQ_ROOT>
