<?xml version="1.0" encoding="UTF-8"?><APP_REQ_ROOT><APP_PAN_INQ><APP_PAN_NO>AZSPS5968G</APP_PAN_NO><APP_PAN_DOB/><APP_IOP_FLG>IE</APP_IOP_FLG><APP_NAME>POONAM SABHARWAL</APP_NAME><APP_STATUS>01</APP_STATUS><APP_STATUS_DESC>MODIFICATION RAISED WITH NDML</APP_STATUS_DESC><APP_MODF_ACK>2032788452</APP_MODF_ACK><APP_STATUSDT/><APP_ENTRYDT/><APP_MODDT/><APP_POS_CODE>P0215</APP_POS_CODE></APP_PAN_INQ><APP_SUMM_REC><APP_REQ_DATE>20-05-2020 10:42:12</APP_REQ_DATE><APP_OTHKRA_BATCH/><APP_OTHKRA_CODE/><APP_RESPONSE_DATE>20-05-2020 10:42:26</APP_RESPONSE_DATE><APP_TOTAL_REC>1</APP_TOTAL_REC></APP_SUMM_REC></APP_REQ_ROOT>