<APP_REQ_ROOT>
  <APP_PAN_INQ>
    <APP_IOP_FLG>IE</APP_IOP_FLG>
    <APP_POS_CODE>P5481</APP_POS_CODE>
    <APP_TYPE>I</APP_TYPE>
    <APP_NO></APP_NO>
    <APP_DATE>18-06-2019 00:00:00</APP_DATE>
    <APP_PAN_NO>AUUPG0064G</APP_PAN_NO>
    <APP_PANEX_NO />
    <APP_PAN_COPY>Y</APP_PAN_COPY>
    <APP_EXMT>N</APP_EXMT>
    <APP_EXMT_CAT />
    <APP_KYC_MODE>0</APP_KYC_MODE>
    <APP_EXMT_ID_PROOF>06</APP_EXMT_ID_PROOF>
    <APP_IPV_FLAG>Y</APP_IPV_FLAG>
    <APP_IPV_DATE>18-06-2019 00:00:00</APP_IPV_DATE>
    <APP_GEN>M</APP_GEN>
    <APP_NAME>PIYUSH GOYAL</APP_NAME>
    <APP_F_NAME>PARSHOTAM  GOYAL</APP_F_NAME>
    <APP_REGNO />
    <APP_DOB_DT>27-04-1988</APP_DOB_DT>
    <APP_DOI_DT>27-04-1988 00:00:00</APP_DOI_DT>
    <APP_REGNO />
    <APP_COMMENCE_DT>27-04-1988 00:00:00</APP_COMMENCE_DT>
    <APP_NATIONALITY>01</APP_NATIONALITY>
    <APP_OTH_NATIONALITY />
    <APP_COMP_STATUS>CL</APP_COMP_STATUS>
    <APP_OTH_COMP_STATUS />
    <APP_RES_STATUS>R </APP_RES_STATUS>
    <APP_RES_STATUS_PROOF />
    <APP_UID_NO>857485748126</APP_UID_NO>
    <APP_COR_ADD1>S/O DRPARSHOTAM GOYAL PIARA LAL</APP_COR_ADD1>
    <APP_COR_ADD2>THEKEDAR STREET WARD NUMBER 13</APP_COR_ADD2>
    <APP_COR_ADD3>MANSA</APP_COR_ADD3>
    <APP_COR_CITY>MANSA</APP_COR_CITY>
    <APP_COR_PINCD>151505</APP_COR_PINCD>
    <APP_COR_STATE>003</APP_COR_STATE>
    <APP_COR_CTRY>101</APP_COR_CTRY>
    <APP_OFF_NO />
    <APP_RES_NO />
    <APP_MOB_NO>9780013793</APP_MOB_NO>
    <APP_FAX_NO />
    <APP_EMAIL>piyush9goyal@gmail.com</APP_EMAIL>
    <APP_COR_ADD_PROOF>02</APP_COR_ADD_PROOF>
    <APP_COR_ADD_REF />
    <APP_COR_ADD_DT />
    <APP_PER_ADD1>S/O DRPARSHOTAM GOYAL PIARA LAL</APP_PER_ADD1>
    <APP_PER_ADD2>THEKEDAR STREET WARD NUMBER 13</APP_PER_ADD2>
    <APP_PER_ADD3>MANSA</APP_PER_ADD3>
    <APP_PER_CITY>MANSA</APP_PER_CITY>
    <APP_PER_PINCD>151505</APP_PER_PINCD>
    <APP_PER_STATE>003</APP_PER_STATE>
    <APP_PER_CTRY>101</APP_PER_CTRY>
    <APP_PER_ADD_PROOF>02</APP_PER_ADD_PROOF>
    <APP_PER_ADD_REF />
    <APP_PER_ADD_DT />
    <APP_INCOME>02</APP_INCOME>
    <APP_OCC />
    <APP_OTH_OCC />
    <APP_POL_CONN />
    <APP_DOC_PROOF>S</APP_DOC_PROOF>
    <APP_INTERNAL_REF />
    <APP_BRANCH_CODE />
    <APP_MAR_STATUS>01</APP_MAR_STATUS>
    <APP_NETWRTH />
    <APP_NETWORTH_DT />
    <APP_INCORP_PLC>MANSA</APP_INCORP_PLC>
    <APP_OTHERINFO />
    <APP_FILLER1 />
    <APP_FILLER2 />
    <APP_FILLER3 />
    <APP_STATUS />
    <APP_STATUSDT />
    <APP_ERROR_DESC />
    <APP_DUMP_TYPE>U</APP_DUMP_TYPE>
    <APP_DNLDDT>18-06-2019 00:00:00</APP_DNLDDT>
    <APP_KRA_INFO>NDML</APP_KRA_INFO>
    <APP_SIGNATURE />
  </APP_PAN_INQ>
  <APP_SUMM_REC>
    <APP_REQ_DATE>18-06-2019</APP_REQ_DATE>
    <APP_OTHKRA_BATCH />
    <APP_OTHKRA_CODE>P5481</APP_OTHKRA_CODE>
    <APP_RESPONSE_DATE />
    <APP_TOTAL_REC>1</APP_TOTAL_REC>
  </APP_SUMM_REC>
</APP_REQ_ROOT>