<?xml version="1.0" encoding="UTF-8" standalone="yes"?>
<APP_RES_ROOT>
    <APP_PAN_INQ>
        <APP_ENTRYDT>19-06-2019 10:54:39</APP_ENTRYDT>
        <APP_IOP_FLG>IE</APP_IOP_FLG>
        <APP_PAN_DOB>27-04-1988</APP_PAN_DOB>
        <APP_PAN_NO>AUUPG0064G</APP_PAN_NO>
        <APP_POS_CODE>P5481</APP_POS_CODE>
        <APP_REG_ACK>1941085451</APP_REG_ACK>
        <APP_STATUS>7</APP_STATUS>
        <APP_STATUSDT>19-06-2019 10:54:39</APP_STATUSDT>
        <APP_STATUS_DESC>Sent to other KRA</APP_STATUS_DESC>
    </APP_PAN_INQ>
    <APP_SUMM_REC>
        <APP_OTHKRA_BATCH></APP_OTHKRA_BATCH>
        <APP_OTHKRA_CODE>P5481</APP_OTHKRA_CODE>
        <APP_REQ_DATE>18-06-2019</APP_REQ_DATE>
        <APP_RESPONSE_DATE></APP_RESPONSE_DATE>
        <APP_TOTAL_REC>1</APP_TOTAL_REC>
    </APP_SUMM_REC>
</APP_RES_ROOT>

