<?xml version="1.0" encoding="UTF-8" standalone="yes"?>
<APP_RES_ROOT>
    <APP_PAN_INQ>
        <APP_HOLD_DEACTIVE_RMKS></APP_HOLD_DEACTIVE_RMKS>
        <APP_IPV_FLAG>N</APP_IPV_FLAG>
        <APP_KYC_MODE>0</APP_KYC_MODE>
        <APP_NAME>PUSP KANT VYAS</APP_NAME>
        <APP_PAN_NO>AAWPV0085A</APP_PAN_NO>
        <APP_RES_NO>1001648563</APP_RES_NO>
        <APP_STATUS>KYC Registd-incomplete at NDML</APP_STATUS>
        <APP_STATUSDT>21-05-2013</APP_STATUSDT>
        <APP_UPDT_RMKS></APP_UPDT_RMKS>
    </APP_PAN_INQ>
</APP_RES_ROOT>
